,Title,URL
0,The Legend of Zelda: Breath of the Wild,/game/switch/the-legend-of-zelda-breath-of-the-wild
1,Super Mario Odyssey,/game/switch/super-mario-odyssey
2,Divinity: Original Sin II - Definitive Edition,/game/switch/divinity-original-sin-ii---definitive-edition
3,Undertale,/game/switch/undertale
4,Super Smash Bros. Ultimate,/game/switch/super-smash-bros-ultimate
5,Celeste,/game/switch/celeste
6,Bayonetta 2,/game/switch/bayonetta-2
7,Mario Kart 8 Deluxe,/game/switch/mario-kart-8-deluxe
8,INSIDE,/game/switch/inside
9,Retro City Rampage DX,/game/switch/retro-city-rampage-dx
10,Sonic Mania Plus,/game/switch/sonic-mania-plus
11,Dragon Quest XI S: Echoes of an Elusive Age - Definitive Edition,/game/switch/dragon-quest-xi-s-echoes-of-an-elusive-age---definitive-edition
12,SteamWorld Heist: Ultimate Edition,/game/switch/steamworld-heist-ultimate-edition
13,Shovel Knight: Treasure Trove,/game/switch/shovel-knight-treasure-trove
14,Bastion,/game/switch/bastion
15,Hollow Knight,/game/switch/hollow-knight
16,Bayonetta + Bayonetta 2,/game/switch/bayonetta-+-bayonetta-2
17,Ori and the Blind Forest: Definitive Edition,/game/switch/ori-and-the-blind-forest-definitive-edition
18,Dead Cells,/game/switch/dead-cells
19,Into the Breach,/game/switch/into-the-breach
20,Fire Emblem: Three Houses,/game/switch/fire-emblem-three-houses
21,Okami HD,/game/switch/okami-hd
22,Mark of the Ninja: Remastered,/game/switch/mark-of-the-ninja-remastered
23,TowerFall,/game/switch/towerfall
24,Nuclear Throne,/game/switch/nuclear-throne
25,FAR: Lone Sails,/game/switch/far-lone-sails
26,Dream Daddy: A Dad Dating Simulator,/game/switch/dream-daddy-a-dad-dating-simulator
27,Hyper Light Drifter,/game/switch/hyper-light-drifter
28,What Remains of Edith Finch,/game/switch/what-remains-of-edith-finch
29,Gone Home,/game/switch/gone-home
30,Super Mario Maker 2,/game/switch/super-mario-maker-2
31,Downwell,/game/switch/downwell
32,Diablo III: Eternal Collection,/game/switch/diablo-iii-eternal-collection
33,SteamWorld Dig 2,/game/switch/steamworld-dig-2
34,Ikaruga,/game/switch/ikaruga
35,Cave Story +,/game/switch/cave-story-+
36,Deemo,/game/switch/deemo
37,Dragon Ball FighterZ,/game/switch/dragon-ball-fighterz
38,Stardew Valley,/game/switch/stardew-valley
39,Guacamelee! 2,/game/switch/guacamelee!-2
40,Enter the Gungeon,/game/switch/enter-the-gungeon
41,Cuphead,/game/switch/cuphead
42,The Legend of Zelda: Link's Awakening,/game/switch/the-legend-of-zelda-links-awakening
43,Astral Chain,/game/switch/astral-chain
44,Trine 2: Complete Story,/game/switch/trine-2-complete-story
45,Severed,/game/switch/severed
46,Axiom Verge,/game/switch/axiom-verge
47,Katamari Damacy REROLL,/game/switch/katamari-damacy-reroll
48,Owlboy,/game/switch/owlboy
49,Super Mega Baseball 2: Ultimate Edition,/game/switch/super-mega-baseball-2-ultimate-edition
50,Velocity 2X,/game/switch/velocity-2x
51,Iconoclasts,/game/switch/iconoclasts
52,Rocket League,/game/switch/rocket-league
53,Crypt of the NecroDancer: Nintendo Switch Edition,/game/switch/crypt-of-the-necrodancer-nintendo-switch-edition
54,The Messenger,/game/switch/the-messenger
55,Donkey Kong Country: Tropical Freeze,/game/switch/donkey-kong-country-tropical-freeze
56,Star Wars Pinball,/game/switch/star-wars-pinball
57,Monster Boy and the Cursed Kingdom,/game/switch/monster-boy-and-the-cursed-kingdom
58,Transistor,/game/switch/transistor
59,Minecraft: Switch Edition,/game/switch/minecraft-switch-edition
60,Shantae and the Pirate's Curse,/game/switch/shantae-and-the-pirates-curse
61,Guacamelee! Super Turbo Championship Edition,/game/switch/guacamelee!-super-turbo-championship-edition
62,Assault Android Cactus+,/game/switch/assault-android-cactus+
63,Sid Meier's Civilization VI,/game/switch/sid-meiers-civilization-vi
64,Return of the Obra Dinn,/game/switch/return-of-the-obra-dinn
65,Warframe,/game/switch/warframe
66,Tangle Tower,/game/switch/tangle-tower
67,AI: The Somnium Files,/game/switch/ai-the-somnium-files
68,BlazBlue: Central Fiction - Special Edition,/game/switch/blazblue-central-fiction---special-edition
69,Sonic Mania,/game/switch/sonic-mania
70,Mini Metro,/game/switch/mini-metro
71,Cadence of Hyrule: Crypt of the NecroDancer Featuring The Legend of Zelda,/game/switch/cadence-of-hyrule-crypt-of-the-necrodancer-featuring-the-legend-of-zelda
72,Thumper,/game/switch/thumper
73,Luigi's Mansion 3,/game/switch/luigis-mansion-3
74,Slay the Spire,/game/switch/slay-the-spire
75,Night in the Woods,/game/switch/night-in-the-woods
76,The Witcher 3: Wild Hunt - Complete Edition,/game/switch/the-witcher-3-wild-hunt---complete-edition
77,Rolling Gunner,/game/switch/rolling-gunner
78,The Binding of Isaac: Afterbirth +,/game/switch/the-binding-of-isaac-afterbirth-+
79,"Cook, Serve, Delicious! 2!!",/game/switch/cook-serve-delicious!-2!!
80,Wilmot's Warehouse,/game/switch/wilmots-warehouse
81,Blaster Master Zero II,/game/switch/blaster-master-zero-ii
82,Dragon Quest Builders 2,/game/switch/dragon-quest-builders-2
83,West of Loathing,/game/switch/west-of-loathing
84,Final Fantasy XII: The Zodiac Age,/game/switch/final-fantasy-xii-the-zodiac-age
85,Mutant Mudds Collection,/game/switch/mutant-mudds-collection
86,NeuroVoider,/game/switch/neurovoider
87,Darkest Dungeon,/game/switch/darkest-dungeon
88,Steins;Gate Elite,/game/switch/steinsgate-elite
89,Final Fantasy X / X-2 HD Remaster,/game/switch/final-fantasy-x-x-2-hd-remaster
90,Mario + Rabbids: Kingdom Battle,/game/switch/mario-+-rabbids-kingdom-battle
91,Shantae: Half-Genie Hero - Ultimate Edition,/game/switch/shantae-half-genie-hero---ultimate-edition
92,Keep Talking and Nobody Explodes,/game/switch/keep-talking-and-nobody-explodes
93,Shovel Knight: Specter of Torment,/game/switch/shovel-knight-specter-of-torment
94,Valkyria Chronicles,/game/switch/valkyria-chronicles
95,Dust: An Elysian Tail,/game/switch/dust-an-elysian-tail
96,Disgaea 4 Complete+,/game/switch/disgaea-4-complete+
97,Toki Tori 2 +,/game/switch/toki-tori-2-+
98,Bayonetta,/game/switch/bayonetta
99,Rayman Legends: Definitive Edition,/game/switch/rayman-legends-definitive-edition
100,Mega Man X Legacy Collection,/game/switch/mega-man-x-legacy-collection
101,VA-11 Hall-A: Cyberpunk Bartender Action,/game/switch/va-11-hall-a-cyberpunk-bartender-action
102,The Elder Scrolls V: Skyrim,/game/switch/the-elder-scrolls-v-skyrim
103,Kingdom: Two Crowns,/game/switch/kingdom-two-crowns
104,Child of Light,/game/switch/child-of-light
105,Wargroove,/game/switch/wargroove
106,Lovers in a Dangerous Spacetime,/game/switch/lovers-in-a-dangerous-spacetime
107,DOOM 3,/game/switch/doom-3
108,SUPERHOT,/game/switch/superhot
109,"Snipperclips Plus: Cut It Out, Together!",/game/switch/snipperclips-plus-cut-it-out-together!
110,Mighty Switch Force! Collection,/game/switch/mighty-switch-force!-collection
111,Danmaku Unlimited 3,/game/switch/danmaku-unlimited-3
112,Baba Is You,/game/switch/baba-is-you
113,Ape Out,/game/switch/ape-out
114,ACA NeoGeo: Blazing Star,/game/switch/aca-neogeo-blazing-star
115,Sega Ages: OutRun,/game/switch/sega-ages-outrun
116,Super Meat Boy,/game/switch/super-meat-boy
117,World of Goo,/game/switch/world-of-goo
118,Grim Fandango Remastered,/game/switch/grim-fandango-remastered
119,Just Shapes &amp; Beats,/game/switch/just-shapes-beats
120,Lumines Remastered,/game/switch/lumines-remastered
121,Fortnite,/game/switch/fortnite
122,Tetris 99,/game/switch/tetris-99
123,Tales of Vesperia: Definitive Edition,/game/switch/tales-of-vesperia-definitive-edition
124,Mega Man Legacy Collection,/game/switch/mega-man-legacy-collection
125,Prison Architect: Nintendo Switch Edition,/game/switch/prison-architect-nintendo-switch-edition
126,Reventure,/game/switch/reventure
127,Duck Game,/game/switch/duck-game
128,Splatoon 2,/game/switch/splatoon-2
129,The Banner Saga 3,/game/switch/the-banner-saga-3
130,Killer Queen Black,/game/switch/killer-queen-black
131,Timespinner,/game/switch/timespinner
132,Octopath Traveler,/game/switch/octopath-traveler
133,OlliOlli: Switch Stance,/game/switch/olliolli-switch-stance
134,Moonlighter,/game/switch/moonlighter
135,Gunvolt Chronicles: Luminous Avenger iX,/game/switch/gunvolt-chronicles-luminous-avenger-ix
136,GRIS,/game/switch/gris
137,Collection of Mana,/game/switch/collection-of-mana
138,LIMBO,/game/switch/limbo
139,Xenoblade Chronicles 2,/game/switch/xenoblade-chronicles-2
140,Dark Souls Remastered,/game/switch/dark-souls-remastered
141,Sayonara Wild Hearts,/game/switch/sayonara-wild-hearts
142,Katana ZERO,/game/switch/katana-zero
143,Overcooked! 2: Surf 'n' Turf,/game/switch/overcooked!-2-surf-n-turf
144,Gorogoa,/game/switch/gorogoa
145,Splasher,/game/switch/splasher
146,Dynasty Warriors 8: Xtreme Legends - Definitive Edition,/game/switch/dynasty-warriors-8-xtreme-legends---definitive-edition
147,Flipping Death,/game/switch/flipping-death
148,Worms W.M.D,/game/switch/worms-wmd
149,Ni no Kuni: Wrath of the White Witch,/game/switch/ni-no-kuni-wrath-of-the-white-witch
150,Yoku's Island Express,/game/switch/yokus-island-express
151,80 DAYS,/game/switch/80-days
152,The Walking Dead: The Telltale Series - The Final Season Episode 4: Take Us Back,/game/switch/the-walking-dead-the-telltale-series---the-final-season-episode-4-take-us-back
153,Pinball FX3,/game/switch/pinball-fx3
154,Pokemon Shield,/game/switch/pokemon-shield
155,Pokemon Sword,/game/switch/pokemon-sword
156,Pokemon Sword / Shield Dual Pack,/game/switch/pokemon-sword-shield-dual-pack
157,Flat Heroes,/game/switch/flat-heroes
158,Horizon Chase Turbo,/game/switch/horizon-chase-turbo
159,Hotline Miami Collection,/game/switch/hotline-miami-collection
160,Sega Ages: Phantasy Star,/game/switch/sega-ages-phantasy-star
161,Mario + Rabbids: Kingdom Battle - Donkey Kong Adventure,/game/switch/mario-+-rabbids-kingdom-battle---donkey-kong-adventure
162,Valkyria Chronicles 4,/game/switch/valkyria-chronicles-4
163,NBA 2K19,/game/switch/nba-2k19
164,Sega Ages: Virtua Racing,/game/switch/sega-ages-virtua-racing
165,Final Fantasy VII,/game/switch/final-fantasy-vii
166,Terraria,/game/switch/terraria
167,Arcade Archives: Donkey Kong,/game/switch/arcade-archives-donkey-kong
168,Swords &amp; Soldiers II: Shawarmageddon,/game/switch/swords-soldiers-ii-shawarmageddon
169,Atelier Ryza: Ever Darkness &amp; the Secret Hideout,/game/switch/atelier-ryza-ever-darkness-the-secret-hideout
170,Salt and Sanctuary,/game/switch/salt-and-sanctuary
171,Ring Fit Adventure,/game/switch/ring-fit-adventure
172,Vectronom,/game/switch/vectronom
173,Slime-san,/game/switch/slime-san
174,South Park: The Stick of Truth,/game/switch/south-park-the-stick-of-truth
175,Crawl,/game/switch/crawl
176,Splatoon 2: Octo Expansion,/game/switch/splatoon-2-octo-expansion
177,Bloodstained: Curse of the Moon,/game/switch/bloodstained-curse-of-the-moon
178,Freedom Planet,/game/switch/freedom-planet
179,Ys VIII: Lacrimosa of DANA,/game/switch/ys-viii-lacrimosa-of-dana
180,Forgotton Anne,/game/switch/forgotton-anne
181,Thimbleweed Park,/game/switch/thimbleweed-park
182,Toki Tori,/game/switch/toki-tori
183,Lethal League Blaze,/game/switch/lethal-league-blaze
184,Pillars of Eternity: Complete Edition,/game/switch/pillars-of-eternity-complete-edition
185,Shantae: Half-Genie Hero,/game/switch/shantae-half-genie-hero
186,Victor Vran: Overkill Edition,/game/switch/victor-vran-overkill-edition
187,Unravel Two,/game/switch/unravel-two
188,Captain Toad: Treasure Tracker,/game/switch/captain-toad-treasure-tracker
189,RIVE: Ultimate Edition,/game/switch/rive-ultimate-edition
190,Azure Striker Gunvolt: Striker Pack,/game/switch/azure-striker-gunvolt-striker-pack
191,Dragon Quest Builders,/game/switch/dragon-quest-builders
192,Cytus Alpha,/game/switch/cytus-alpha
193,Disgaea 5 Complete,/game/switch/disgaea-5-complete
194,Oxenfree,/game/switch/oxenfree
195,Super One More Jump,/game/switch/super-one-more-jump
196,Teslagrad,/game/switch/teslagrad
197,The Lion's Song,/game/switch/the-lions-song
198,Overcooked! 2,/game/switch/overcooked!-2
199,Wandersong,/game/switch/wandersong
200,VOEZ,/game/switch/voez
201,R-Type Dimensions EX,/game/switch/r-type-dimensions-ex
202,WindJammers,/game/switch/windjammers
203,Torchlight II,/game/switch/torchlight-ii
204,The Infectious Madness of Doctor Dekker,/game/switch/the-infectious-madness-of-doctor-dekker
205,Puyo Puyo Tetris,/game/switch/puyo-puyo-tetris
206,Captain Toad: Treasure Tracker - Special Episode,/game/switch/captain-toad-treasure-tracker---special-episode
207,Resident Evil 4,/game/switch/resident-evil-4
208,Hand of Fate 2,/game/switch/hand-of-fate-2
209,Fast RMX,/game/switch/fast-rmx
210,Street Fighter: 30th Anniversary Collection,/game/switch/street-fighter-30th-anniversary-collection
211,Untitled Goose Game,/game/switch/untitled-goose-game
212,Phoenix Wright: Ace Attorney Trilogy,/game/switch/phoenix-wright-ace-attorney-trilogy
213,The Darkside Detective,/game/switch/the-darkside-detective
214,Songbird Symphony,/game/switch/songbird-symphony
215,Castlevania Anniversary Collection,/game/switch/castlevania-anniversary-collection
216,The Legend of Zelda: Breath of the Wild - The Champions' Ballad,/game/switch/the-legend-of-zelda-breath-of-the-wild---the-champions-ballad
217,Contra Anniversary Collection,/game/switch/contra-anniversary-collection
218,Battle Chef Brigade,/game/switch/battle-chef-brigade
219,The Red Strings Club,/game/switch/the-red-strings-club
220,Crash Team Racing: Nitro-Fueled,/game/switch/crash-team-racing-nitro-fueled
221,Rogue Legacy,/game/switch/rogue-legacy
222,ABZU,/game/switch/abzu
223,SteamWorld Quest: Hand of Gilgamech,/game/switch/steamworld-quest-hand-of-gilgamech
224,"Snipperclips - Cut it out, together!",/game/switch/snipperclips---cut-it-out-together!
225,Pinball FX3: Bethesda Pinball,/game/switch/pinball-fx3-bethesda-pinball
226,N++,/game/switch/n++
227,BoxBoy! + BoxGirl!,/game/switch/boxboy!-+-boxgirl!
228,The Banner Saga 1,/game/switch/the-banner-saga-1
229,New Super Mario Bros. U Deluxe,/game/switch/new-super-mario-bros-u-deluxe
230,Xenoblade Chronicles 2: Torna ~ The Golden Country,/game/switch/xenoblade-chronicles-2-torna-the-golden-country
231,South Park: The Fractured But Whole,/game/switch/south-park-the-fractured-but-whole
232,Final Fantasy VIII Remastered,/game/switch/final-fantasy-viii-remastered
233,The Final Station,/game/switch/the-final-station
234,The Bug Butcher,/game/switch/the-bug-butcher
235,OkunoKA,/game/switch/okunoka
236,The Banner Saga 2,/game/switch/the-banner-saga-2
237,The End Is Nigh,/game/switch/the-end-is-nigh
238,Ironcast,/game/switch/ironcast
239,Mega Man X Legacy Collection 1 + 2,/game/switch/mega-man-x-legacy-collection-1-+-2
240,Monster Hunter Generations Ultimate,/game/switch/monster-hunter-generations-ultimate
241,The Jackbox Party Pack 3,/game/switch/the-jackbox-party-pack-3
242,Ultimate Chicken Horse,/game/switch/ultimate-chicken-horse
243,ACA NeoGeo: The King of Fighters '98,/game/switch/aca-neogeo-the-king-of-fighters-98
244,Volgarr the Viking,/game/switch/volgarr-the-viking
245,Mega Man 11,/game/switch/mega-man-11
246,Wild Guns Reloaded,/game/switch/wild-guns-reloaded
247,PixelJunk Monsters 2,/game/switch/pixeljunk-monsters-2
248,The Walking Dead: The Telltale Series - The Final Season,/game/switch/the-walking-dead-the-telltale-series---the-final-season
249,Aggelos,/game/switch/aggelos
250,Road to Ballhalla,/game/switch/road-to-ballhalla
251,The Walking Dead: The Telltale Series - The Final Season Episode 3: Broken Toys,/game/switch/the-walking-dead-the-telltale-series---the-final-season-episode-3-broken-toys
252,FutureGrind,/game/switch/futuregrind
253,Resident Evil,/game/switch/resident-evil
254,Conduct TOGETHER!,/game/switch/conduct-together!
255,This War of Mine: Complete Edition,/game/switch/this-war-of-mine-complete-edition
256,Rogue Aces,/game/switch/rogue-aces
257,Trine 4: The Nightmare Prince,/game/switch/trine-4-the-nightmare-prince
258,Blossom Tales: The Sleeping King,/game/switch/blossom-tales-the-sleeping-king
259,"Pokemon: Let's Go, Eevee!",/game/switch/pokemon-lets-go-eevee!
260,Brothers: A Tale of Two Sons,/game/switch/brothers-a-tale-of-two-sons
261,Aaero: Complete Edition,/game/switch/aaero-complete-edition
262,Armello,/game/switch/armello
263,Heave Ho,/game/switch/heave-ho
264,Pac-Man Championship Edition 2 Plus,/game/switch/pac-man-championship-edition-2-plus
265,Knights of Pen and Paper +1 Deluxier Edition,/game/switch/knights-of-pen-and-paper-+1-deluxier-edition
266,Sega Ages - Lightening Force: Quest for the Darkstar,/game/switch/sega-ages---lightening-force-quest-for-the-darkstar
267,Battle Chasers: Nightwar,/game/switch/battle-chasers-nightwar
268,Sega Genesis Classics,/game/switch/sega-genesis-classics
269,VVVVVV,/game/switch/vvvvvv
270,Layers of Fear: Legacy,/game/switch/layers-of-fear-legacy
271,Minit,/game/switch/minit
272,Chess Ultra,/game/switch/chess-ultra
273,Blazing Beaks,/game/switch/blazing-beaks
274,Yooka-Laylee and the Impossible Lair,/game/switch/yooka-laylee-and-the-impossible-lair
275,Waking Violet,/game/switch/waking-violet
276,Tangledeep,/game/switch/tangledeep
277,Slayaway Camp: Butcher's Cut,/game/switch/slayaway-camp-butchers-cut
278,Detention,/game/switch/detention
279,GoNNER,/game/switch/gonner
280,Yoshi's Crafted World,/game/switch/yoshis-crafted-world
281,Valfaris,/game/switch/valfaris
282,Mega Man Legacy Collection + Mega Man Legacy Collection 2,/game/switch/mega-man-legacy-collection-+-mega-man-legacy-collection-2
283,Skies of Fury DX,/game/switch/skies-of-fury-dx
284,Little Nightmares: Complete Edition,/game/switch/little-nightmares-complete-edition
285,Arena of Valor,/game/switch/arena-of-valor
286,Pokken Tournament DX,/game/switch/pokken-tournament-dx
287,Subsurface Circular,/game/switch/subsurface-circular
288,Octahedron: Transfixed Edition,/game/switch/octahedron-transfixed-edition
289,Runbow,/game/switch/runbow
290,Nelly Cootalot: The Fowl Fleet,/game/switch/nelly-cootalot-the-fowl-fleet
291,Hellblade: Senua's Sacrifice,/game/switch/hellblade-senuas-sacrifice
292,Death Road to Canada,/game/switch/death-road-to-canada
293,"Pokemon: Let's Go, Pikachu!",/game/switch/pokemon-lets-go-pikachu!
294,Sparklite,/game/switch/sparklite
295,The Next Penelope,/game/switch/the-next-penelope
296,Streets of Red: Devil's Dare Deluxe,/game/switch/streets-of-red-devils-dare-deluxe
297,GunLord X,/game/switch/gunlord-x
298,Agent A: A Puzzle In Disguise,/game/switch/agent-a-a-puzzle-in-disguise
299,Blazing Chrome,/game/switch/blazing-chrome
300,Donut County,/game/switch/donut-county
301,Lucah: Born of a Dream,/game/switch/lucah-born-of-a-dream
302,The Ninja Saviors: Return of the Warriors,/game/switch/the-ninja-saviors-return-of-the-warriors
303,Crystal Crisis,/game/switch/crystal-crisis
304,Yu-Gi-Oh! Legacy of the Duelist: Link Evolution,/game/switch/yu-gi-oh!-legacy-of-the-duelist-link-evolution
305,Joe Dever's Lone Wolf,/game/switch/joe-devers-lone-wolf
306,FRAMED Collection,/game/switch/framed-collection
307,Bleed 2,/game/switch/bleed-2
308,Mortal Kombat 11,/game/switch/mortal-kombat-11
309,Outlast 2,/game/switch/outlast-2
310,DOOM,/game/switch/doom
311,Superbrothers: Sword &amp; Sworcery EP,/game/switch/superbrothers-sword-sworcery-ep
312,Steredenn: Binary Stars,/game/switch/steredenn-binary-stars
313,Cat Quest II,/game/switch/cat-quest-ii
314,Deru - The Art of Cooperation,/game/switch/deru---the-art-of-cooperation
315,Mindball Play,/game/switch/mindball-play
316,Warlock's Tower,/game/switch/warlocks-tower
317,L.A. Noire,/game/switch/la-noire
318,Wonder Boy: The Dragon's Trap,/game/switch/wonder-boy-the-dragons-trap
319,Wolfenstein II: The New Colossus,/game/switch/wolfenstein-ii-the-new-colossus
320,World of Final Fantasy Maxima,/game/switch/world-of-final-fantasy-maxima
321,The Gardens Between,/game/switch/the-gardens-between
322,GRID Autosport,/game/switch/grid-autosport
323,Northgard,/game/switch/northgard
324,BlazBlue: Cross Tag Battle,/game/switch/blazblue-cross-tag-battle
325,Spyro Reignited Trilogy,/game/switch/spyro-reignited-trilogy
326,Chasm,/game/switch/chasm
327,Mechstermination Force,/game/switch/mechstermination-force
328,Golf Story,/game/switch/golf-story
329,The Jackbox Party Pack 5,/game/switch/the-jackbox-party-pack-5
330,The Spectrum Retreat,/game/switch/the-spectrum-retreat
331,Skullgirls: 2nd Encore,/game/switch/skullgirls-2nd-encore
332,World End Syndrome,/game/switch/world-end-syndrome
333,TumbleSeed,/game/switch/tumbleseed
334,Fight'N Rage,/game/switch/fightn-rage
335,Golf Peaks,/game/switch/golf-peaks
336,Atelier Lulua: The Scion of Arland,/game/switch/atelier-lulua-the-scion-of-arland
337,Musynx,/game/switch/musynx
338,We. The Revolution,/game/switch/we-the-revolution
339,Blaster Master Zero,/game/switch/blaster-master-zero
340,Resident Evil: Revelations Collection,/game/switch/resident-evil-revelations-collection
341,CastleStorm,/game/switch/castlestorm
342,Forager,/game/switch/forager
343,Capcom Beat 'Em Up Bundle,/game/switch/capcom-beat-em-up-bundle
344,Shift Quantum,/game/switch/shift-quantum
345,The Warlock of Firetop Mountain: Goblin Scourge Edition!,/game/switch/the-warlock-of-firetop-mountain-goblin-scourge-edition!
346,Castle Crashers Remastered,/game/switch/castle-crashers-remastered
347,Dragon's Dogma: Dark Arisen,/game/switch/dragons-dogma-dark-arisen
348,Taiko no Tatsujin: Drum 'n' Fun!,/game/switch/taiko-no-tatsujin-drum-n-fun!
349,Cosmic Star Heroine,/game/switch/cosmic-star-heroine
350,My Friend Pedro,/game/switch/my-friend-pedro
351,Resident Evil: Revelations,/game/switch/resident-evil-revelations
352,LEGO City Undercover,/game/switch/lego-city-undercover
353,ATOMIK: RunGunJumpGun,/game/switch/atomik-rungunjumpgun
354,Never Give Up,/game/switch/never-give-up
355,The Legend of Zelda: Breath of the Wild - The Master Trials,/game/switch/the-legend-of-zelda-breath-of-the-wild---the-master-trials
356,Death Squared,/game/switch/death-squared
357,River City Girls,/game/switch/river-city-girls
358,Trials Rising,/game/switch/trials-rising
359,SNK 40th Anniversary Collection,/game/switch/snk-40th-anniversary-collection
360,Pic-a-Pix Deluxe,/game/switch/pic-a-pix-deluxe
361,My Memory of Us,/game/switch/my-memory-of-us
362,Hyrule Warriors: Definitive Edition,/game/switch/hyrule-warriors-definitive-edition
363,Crash Bandicoot N. Sane Trilogy,/game/switch/crash-bandicoot-n-sane-trilogy
364,EVERSPACE: Stellar Edition,/game/switch/everspace-stellar-edition
365,Don't Starve: Nintendo Switch Edition,/game/switch/dont-starve-nintendo-switch-edition
366,SpiritSphere DX,/game/switch/spiritsphere-dx
367,Debris Infinity,/game/switch/debris-infinity
368,Horizon Shift '81,/game/switch/horizon-shift-81
369,Picross S 3,/game/switch/picross-s-3
370,Graceful Explosion Machine,/game/switch/graceful-explosion-machine
371,Puzzle Quest: The Legend Returns,/game/switch/puzzle-quest-the-legend-returns
372,Tiny Barbarian DX,/game/switch/tiny-barbarian-dx
373,Pawarumi,/game/switch/pawarumi
374,Nintendo Labo: Toycon 01 Variety Kit,/game/switch/nintendo-labo-toycon-01-variety-kit
375,Dandy Dungeon: Legend of Brave Yamada,/game/switch/dandy-dungeon-legend-of-brave-yamada
376,1979 Revolution: Black Friday,/game/switch/1979-revolution-black-friday
377,Flashback,/game/switch/flashback
378,Pinstripe,/game/switch/pinstripe
379,Bomb Chicken,/game/switch/bomb-chicken
380,Ittle Dew 2+,/game/switch/ittle-dew-2+
381,The Adventure Pals,/game/switch/the-adventure-pals
382,Super Tennis Blast,/game/switch/super-tennis-blast
383,Kero Blaster,/game/switch/kero-blaster
384,Flinthook,/game/switch/flinthook
385,Sega Ages: Sonic the Hedgehog,/game/switch/sega-ages-sonic-the-hedgehog
386,Darksiders II: Deathinitive Edition,/game/switch/darksiders-ii-deathinitive-edition
387,Lumo,/game/switch/lumo
388,ARMS,/game/switch/arms
389,20XX,/game/switch/20xx
390,Human Resource Machine,/game/switch/human-resource-machine
391,Outlast: Bundle of Terror,/game/switch/outlast-bundle-of-terror
392,Super Hydorah,/game/switch/super-hydorah
393,Cursed Castilla,/game/switch/cursed-castilla
394,Death Mark,/game/switch/death-mark
395,Vaporum,/game/switch/vaporum
396,The Jackbox Party Pack 4,/game/switch/the-jackbox-party-pack-4
397,Reigns: Kings &amp; Queens,/game/switch/reigns-kings-queens
398,Valiant Hearts: The Great War,/game/switch/valiant-hearts-the-great-war
399,7 Billion Humans,/game/switch/7-billion-humans
400,Mega Man Legacy Collection 2,/game/switch/mega-man-legacy-collection-2
401,Overcooked!: Special Edition,/game/switch/overcooked!-special-edition
402,Digimon Story Cyber Sleuth: Complete Edition,/game/switch/digimon-story-cyber-sleuth-complete-edition
403,Strikey Sisters,/game/switch/strikey-sisters
404,The Book of Unwritten Tales 2,/game/switch/the-book-of-unwritten-tales-2
405,Football Manager Touch 2018,/game/switch/football-manager-touch-2018
406,Mantis Burn Racing,/game/switch/mantis-burn-racing
407,Darksiders: Warmastered Edition,/game/switch/darksiders-warmastered-edition
408,Tiny Metal: Full Metal Rumble,/game/switch/tiny-metal-full-metal-rumble
409,The World Ends with You: Final Remix,/game/switch/the-world-ends-with-you-final-remix
410,For the King,/game/switch/for-the-king
411,Dragon Blaze for Nintendo Switch,/game/switch/dragon-blaze-for-nintendo-switch
412,Disney Classic Games: Aladdin and the Lion King,/game/switch/disney-classic-games-aladdin-and-the-lion-king
413,Mary Skelter 2,/game/switch/mary-skelter-2
414,"Guns, Gore &amp; Cannoli 2",/game/switch/guns-gore-cannoli-2
415,Disgaea 1 Complete,/game/switch/disgaea-1-complete
416,Creature in the Well,/game/switch/creature-in-the-well
417,Wizard of Legend,/game/switch/wizard-of-legend
418,Pikuniku,/game/switch/pikuniku
419,Last Day of June,/game/switch/last-day-of-june
420,She Remembered Caterpillars,/game/switch/she-remembered-caterpillars
421,Hob: The Definitive Edition,/game/switch/hob-the-definitive-edition
422,Amnesia Collection,/game/switch/amnesia-collection
423,The Jackbox Party Pack,/game/switch/the-jackbox-party-pack
424,BQM - BlockQuest Maker-,/game/switch/bqm---blockquest-maker-
425,Super Chariot,/game/switch/super-chariot
426,Friday the 13th: Killer Puzzle,/game/switch/friday-the-13th-killer-puzzle
427,The Swords of Ditto: Mormo's Curse,/game/switch/the-swords-of-ditto-mormos-curse
428,ACA NeoGeo: Metal Slug 3,/game/switch/aca-neogeo-metal-slug-3
429,Syberia,/game/switch/syberia
430,Sparkle 2,/game/switch/sparkle-2
431,Transcripted,/game/switch/transcripted
432,Letter Quest Remastered,/game/switch/letter-quest-remastered
433,Masters of Anima,/game/switch/masters-of-anima
434,Sky Rogue,/game/switch/sky-rogue
435,Blasphemous,/game/switch/blasphemous
436,The Eyes of Ara,/game/switch/the-eyes-of-ara
437,Super Mario Party,/game/switch/super-mario-party
438,Sushi Striker: The Way of Sushido,/game/switch/sushi-striker-the-way-of-sushido
439,Sundered: Eldritch Edition,/game/switch/sundered-eldritch-edition
440,Final Fantasy IX,/game/switch/final-fantasy-ix
441,Bombslinger,/game/switch/bombslinger
442,Mighty Gunvolt Burst,/game/switch/mighty-gunvolt-burst
443,Ninjin: Clash of Carrots,/game/switch/ninjin-clash-of-carrots
444,War Tech Fighters,/game/switch/war-tech-fighters
445,Sega Ages: Puyo Puyo,/game/switch/sega-ages-puyo-puyo
446,Embers of Mirrim,/game/switch/embers-of-mirrim
447,Silence,/game/switch/silence
448,Wasteland 2: Director's Cut,/game/switch/wasteland-2-directors-cut
449,One Piece: Pirate Warriors 3 - Deluxe Edition,/game/switch/one-piece-pirate-warriors-3---deluxe-edition
450,Planet Alpha,/game/switch/planet-alpha
451,Ultra Space Battle Brawl,/game/switch/ultra-space-battle-brawl
452,Scribblenauts Mega Pack,/game/switch/scribblenauts-mega-pack
453,Alwa's Awakening,/game/switch/alwas-awakening
454,Full Metal Furies,/game/switch/full-metal-furies
455,Hexagroove: Tactical DJ,/game/switch/hexagroove-tactical-dj
456,Pode,/game/switch/pode
457,Wulverblade,/game/switch/wulverblade
458,LEGO Marvel Super Heroes 2,/game/switch/lego-marvel-super-heroes-2
459,Floor Kids,/game/switch/floor-kids
460,Rocket Fist,/game/switch/rocket-fist
461,Forma.8,/game/switch/forma8
462,Unruly Heroes,/game/switch/unruly-heroes
463,Piczle Lines DX,/game/switch/piczle-lines-dx
464,SteamWorld Dig: A Fistful of Dirt,/game/switch/steamworld-dig-a-fistful-of-dirt
465,Dragon Ball: Xenoverse 2,/game/switch/dragon-ball-xenoverse-2
466,Piczle Lines DX: 500 More Puzzles,/game/switch/piczle-lines-dx-500-more-puzzles
467,"Bury me, my Love",/game/switch/bury-me-my-love
468,Mario Tennis Aces,/game/switch/mario-tennis-aces
469,LEGO DC Super-Villains,/game/switch/lego-dc-super-villains
470,Rock of Ages 2: Bigger &amp; Boulder,/game/switch/rock-of-ages-2-bigger-boulder
471,Observer,/game/switch/observer
472,The Mummy Demastered,/game/switch/the-mummy-demastered
473,Old School Musical,/game/switch/old-school-musical
474,Bomber Crew,/game/switch/bomber-crew
475,Songbringer,/game/switch/songbringer
476,de Blob 2,/game/switch/de-blob-2
477,The Stretchers,/game/switch/the-stretchers
478,Cattails,/game/switch/cattails
479,Figment,/game/switch/figment
480,Blade Strangers,/game/switch/blade-strangers
481,Yooka-Laylee,/game/switch/yooka-laylee
482,Bulb Boy,/game/switch/bulb-boy
483,Serial Cleaner,/game/switch/serial-cleaner
484,Riptide GP: Renegade,/game/switch/riptide-gp-renegade
485,Labyrinth of Refrain: Coven of Dusk,/game/switch/labyrinth-of-refrain-coven-of-dusk
486,Streets of Rogue,/game/switch/streets-of-rogue
487,Fantasy Strike,/game/switch/fantasy-strike
488,Miles &amp; Kilo,/game/switch/miles-kilo
489,The Inner World: The Last Wind Monk,/game/switch/the-inner-world-the-last-wind-monk
490,The Walking Dead: The Telltale Series - The Final Season Episode 1: Done Running,/game/switch/the-walking-dead-the-telltale-series---the-final-season-episode-1-done-running
491,X-Morph: Defense,/game/switch/x-morph-defense
492,A Hat in Time,/game/switch/a-hat-in-time
493,Iron Crypticle,/game/switch/iron-crypticle
494,City of Brass,/game/switch/city-of-brass
495,Headliner: NoviNews,/game/switch/headliner-novinews
496,New Super Lucky's Tale,/game/switch/new-super-luckys-tale
497,ToeJam &amp; Earl: Back in the Groove,/game/switch/toejam-earl-back-in-the-groove
498,Aqua Kitty UDX,/game/switch/aqua-kitty-udx
499,Neo Cab,/game/switch/neo-cab
500,I Am Setsuna,/game/switch/i-am-setsuna
501,Another World,/game/switch/another-world
502,Crashlands,/game/switch/crashlands
503,Nidhogg 2,/game/switch/nidhogg-2
504,The Alliance Alive HD Remastered,/game/switch/the-alliance-alive-hd-remastered
505,Pocket Rumble,/game/switch/pocket-rumble
506,Bleed,/game/switch/bleed
507,Shakedown Hawaii,/game/switch/shakedown-hawaii
508,The Flame in the Flood,/game/switch/the-flame-in-the-flood
509,Just Dance 2020,/game/switch/just-dance-2020
510,Pato Box,/game/switch/pato-box
511,Furi,/game/switch/furi
512,Aegis Defenders,/game/switch/aegis-defenders
513,Tricky Towers,/game/switch/tricky-towers
514,Sega Ages: Space Harrier,/game/switch/sega-ages-space-harrier
515,Sky Force Reloaded,/game/switch/sky-force-reloaded
516,Uurnog Uurnlimited,/game/switch/uurnog-uurnlimited
517,Knight Terrors,/game/switch/knight-terrors
518,Lode Runner Legacy,/game/switch/lode-runner-legacy
519,Portal Knights,/game/switch/portal-knights
520,ICEY,/game/switch/icey
521,The Room,/game/switch/the-room
522,The Raven Remastered,/game/switch/the-raven-remastered
523,Doraemon: Story of Seasons,/game/switch/doraemon-story-of-seasons
524,Semblance,/game/switch/semblance
525,Starlink: Battle for Atlas,/game/switch/starlink-battle-for-atlas
526,Freedom Finger,/game/switch/freedom-finger
527,Immortal Redneck,/game/switch/immortal-redneck
528,Broken Sword 5 - The Serpent's Curse,/game/switch/broken-sword-5---the-serpent39s-curse
529,Devil May Cry,/game/switch/devil-may-cry
530,Super Mutant Alien Assault,/game/switch/super-mutant-alien-assault
531,Use Your Words,/game/switch/use-your-words
532,Tesla vs Lovecraft,/game/switch/tesla-vs-lovecraft
533,Little Triangle,/game/switch/little-triangle
534,Shadow Bug,/game/switch/shadow-bug
535,The Shrouded Isle,/game/switch/the-shrouded-isle
536,Crayola Scoot,/game/switch/crayola-scoot
537,Hell is Other Demons,/game/switch/hell-is-other-demons
538,Sega Ages: Wonder Boy in Monster Land,/game/switch/sega-ages-wonder-boy-in-monster-land
539,PictoQuest,/game/switch/pictoquest
540,Jotun: Valhalla Edition,/game/switch/jotun-valhalla-edition
541,NBA 2K18,/game/switch/nba-2k18
542,ACA NeoGeo: Neo Turf Masters,/game/switch/aca-neogeo-neo-turf-masters
543,The Bridge,/game/switch/the-bridge
544,Quest of Dungeons,/game/switch/quest-of-dungeons
545,Broforce,/game/switch/broforce
546,Pitfall Planet,/game/switch/pitfall-planet
547,Warhammer Age of Sigmar: Champions,/game/switch/warhammer-age-of-sigmar-champions
548,Bulletstorm: Duke of Switch Edition,/game/switch/bulletstorm-duke-of-switch-edition
549,Super Kirby Clash,/game/switch/super-kirby-clash
550,Bloodstained: Ritual of the Night,/game/switch/bloodstained-ritual-of-the-night
551,Yonder: The Cloud Catcher Chronicles,/game/switch/yonder-the-cloud-catcher-chronicles
552,Marble It Up!,/game/switch/marble-it-up!
553,Puyo Puyo Champions,/game/switch/puyo-puyo-champions
554,Clustertruck,/game/switch/clustertruck
555,SUPERBEAT: XONiC,/game/switch/superbeat-xonic
556,Picross Lord of the Nazarick,/game/switch/picross-lord-of-the-nazarick
557,God Eater 3,/game/switch/god-eater-3
558,Darkwood,/game/switch/darkwood
559,Warp Shift,/game/switch/warp-shift
560,Giana Sisters: Twisted Dreams - Owltimate Edition,/game/switch/giana-sisters-twisted-dreams---owltimate-edition
561,Xeno Crisis,/game/switch/xeno-crisis
562,Implosion - Never Lose Hope,/game/switch/implosion---never-lose-hope
563,Kingdom: New Lands,/game/switch/kingdom-new-lands
564,OPUS: The Day We Found Earth,/game/switch/opus-the-day-we-found-earth
565,Vasara Collection,/game/switch/vasara-collection
566,Dead In Vinland: True Viking Edition,/game/switch/dead-in-vinland-true-viking-edition
567,Overland,/game/switch/overland
568,Out There: Omega The Alliance,/game/switch/out-there-omega-the-alliance
569,2064: Read Only Memories INTEGRAL,/game/switch/2064-read-only-memories-integral
570,Fire Emblem Warriors,/game/switch/fire-emblem-warriors
571,Kamiko,/game/switch/kamiko
572,Cat Quest,/game/switch/cat-quest
573,Paladins: Champions of the Realm,/game/switch/paladins-champions-of-the-realm
574,Fate/Extella Link,/game/switch/fateextella-link
575,Stick it to the Man!,/game/switch/stick-it-to-the-man!
576,World Conqueror X,/game/switch/world-conqueror-x
577,Professor Lupo and his Horrible Pets,/game/switch/professor-lupo-and-his-horrible-pets
578,Reigns: Game Of Thrones,/game/switch/reigns-game-of-thrones
579,Lost Orbit: Terminal Velocity,/game/switch/lost-orbit-terminal-velocity
580,The Missing: JJ Macfield and the Island of Memories,/game/switch/the-missing-jj-macfield-and-the-island-of-memories
581,Disc Jam,/game/switch/disc-jam
582,Aragami: Shadow Edition,/game/switch/aragami-shadow-edition
583,Defense Grid 2,/game/switch/defense-grid-2
584,A Normal Lost Phone,/game/switch/a-normal-lost-phone
585,Max: The Curse of Brotherhood,/game/switch/max-the-curse-of-brotherhood
586,AngerForce: Reloaded,/game/switch/angerforce-reloaded
587,Pang Adventures,/game/switch/pang-adventures
588,Overwhelm,/game/switch/overwhelm
589,Sniper Elite III: Ultimate Edition,/game/switch/sniper-elite-iii-ultimate-edition
590,NBA 2K20,/game/switch/nba-2k20
591,DC Universe Online,/game/switch/dc-universe-online
592,Mom Hid My Game!,/game/switch/mom-hid-my-game!
593,Black Bird,/game/switch/black-bird
594,Resident Evil: Revelations 2,/game/switch/resident-evil-revelations-2
595,Road Redemption,/game/switch/road-redemption
596,Kirby Star Allies,/game/switch/kirby-star-allies
597,Farming Simulator: Nintendo Switch Edition,/game/switch/farming-simulator-nintendo-switch-edition
598,LEGO Harry Potter Collection,/game/switch/lego-harry-potter-collection
599,The Escapists 2,/game/switch/the-escapists-2
600,Runner3,/game/switch/runner3
601,World to the West,/game/switch/world-to-the-west
602,Elliot Quest,/game/switch/elliot-quest
603,Layton's Mystery Journey: Katrielle and The Millionaires' Conspiracy - Deluxe Edition,/game/switch/laytons-mystery-journey-katrielle-and-the-millionaires-conspiracy---deluxe-edition
604,Overwatch,/game/switch/overwatch
605,Yomawari: The Long Night Collection,/game/switch/yomawari-the-long-night-collection
606,Late Shift,/game/switch/late-shift
607,Marvel Ultimate Alliance 3: The Black Order,/game/switch/marvel-ultimate-alliance-3-the-black-order
608,Putty Pals,/game/switch/putty-pals
609,HoPiKo,/game/switch/hopiko
610,Turok,/game/switch/turok
611,Yono and the Celestial Elephants,/game/switch/yono-and-the-celestial-elephants
612,Old Man's Journey,/game/switch/old-mans-journey
613,Strikers 1945,/game/switch/strikers-1945
614,Gunbird 2 for Nintendo Switch,/game/switch/gunbird-2-for-nintendo-switch
615,Chocobo's Mystery Dungeon: Every Buddy!,/game/switch/chocobos-mystery-dungeon-every-buddy!
616,Earthlock,/game/switch/earthlock
617,Mulaka,/game/switch/mulaka
618,Muse Dash,/game/switch/muse-dash
619,Fairune Collection,/game/switch/fairune-collection
620,ACA NeoGeo: Waku Waku 7,/game/switch/aca-neogeo-waku-waku-7
621,RISE: Race to the Future,/game/switch/rise-race-to-the-future
622,The Adventures of Bertram Fiddle: Episode 1 - A Dreadly Business,/game/switch/the-adventures-of-bertram-fiddle-episode-1---a-dreadly-business
623,Battlezone: Gold Edition,/game/switch/battlezone-gold-edition
624,Picross S 2,/game/switch/picross-s-2
625,Trine: Enchanted Edition,/game/switch/trine-enchanted-edition
626,Hue,/game/switch/hue
627,Project Highrise: Architect's Edition,/game/switch/project-highrise-architects-edition
628,Mushroom Wars 2,/game/switch/mushroom-wars-2
629,Regalia: Of Men and Monarchs - Royal Edition,/game/switch/regalia-of-men-and-monarchs---royal-edition
630,NAIRI: Tower of Shirin,/game/switch/nairi-tower-of-shirin
631,Zarvot,/game/switch/zarvot
632,Ghostbusters: The Video Game Remastered,/game/switch/ghostbusters-the-video-game-remastered
633,Gunbird,/game/switch/gunbird
634,Red Faction: Guerrilla Re-Mars-tered,/game/switch/red-faction-guerrilla-re-mars-tered
635,Semispheres,/game/switch/semispheres
636,Burly Men At Sea,/game/switch/burly-men-at-sea
637,Cinders,/game/switch/cinders
638,Namco Museum,/game/switch/namco-museum
639,Resident Evil 5,/game/switch/resident-evil-5
640,Star Ghost,/game/switch/star-ghost
641,OPUS: Rocket of Whispers,/game/switch/opus-rocket-of-whispers
642,Snake Pass,/game/switch/snake-pass
643,Grandia HD Collection,/game/switch/grandia-hd-collection
644,Skylanders Imaginators,/game/switch/skylanders-imaginators
645,Attack on Titan 2,/game/switch/attack-on-titan-2
646,Dead Synchronicity: Tomorrow Comes Today,/game/switch/dead-synchronicity-tomorrow-comes-today
647,Grid Mania,/game/switch/grid-mania
648,Super Daryl Deluxe,/game/switch/super-daryl-deluxe
649,"Don't Die, Mr. Robot!",/game/switch/dont-die-mr-robot!
650,Drawful 2,/game/switch/drawful-2
651,Lanota,/game/switch/lanota
652,When Ski Lifts Go Wrong,/game/switch/when-ski-lifts-go-wrong
653,Devil Engine,/game/switch/devil-engine
654,911 Operator,/game/switch/911-operator
655,Hyperforma,/game/switch/hyperforma
656,Planescape: Torment: Enhanced Edition / Icewind Dale: Enhanced Edition,/game/switch/planescape-torment-enhanced-edition-icewind-dale-enhanced-edition
657,One Night Stand,/game/switch/one-night-stand
658,Romancing SaGa 3,/game/switch/romancing-saga-3
659,Megaquarium,/game/switch/megaquarium
660,Flood of Light,/game/switch/flood-of-light
661,My Time At Portia,/game/switch/my-time-at-portia
662,Batman: The Telltale Series,/game/switch/batman-the-telltale-series
663,Shiftlings: Enhanced Edition,/game/switch/shiftlings-enhanced-edition
664,Space Dave!,/game/switch/space-dave!
665,The Count Lucanor,/game/switch/the-count-lucanor
666,Candle: The Power of the Flame,/game/switch/candle-the-power-of-the-flame
667,Smoke and Sacrifice,/game/switch/smoke-and-sacrifice
668,Gato Roboto,/game/switch/gato-roboto
669,Fe,/game/switch/fe
670,Just Dance 2019,/game/switch/just-dance-2019
671,The Liar Princess and the Blind Prince,/game/switch/the-liar-princess-and-the-blind-prince
672,Just Dance 2017,/game/switch/just-dance-2017
673,Shu,/game/switch/shu
674,Dandara,/game/switch/dandara
675,Bad North,/game/switch/bad-north
676,Swords &amp; Soldiers,/game/switch/swords-soldiers
677,Light Fall,/game/switch/light-fall
678,Dimension Drive,/game/switch/dimension-drive
679,de Blob,/game/switch/de-blob
680,Baldur's Gate and Baldur's Gate II: Enhanced Editions,/game/switch/baldurs-gate-and-baldurs-gate-ii-enhanced-editions
681,Just Dance 2018,/game/switch/just-dance-2018
682,Super Rocket Shootout,/game/switch/super-rocket-shootout
683,Rain World,/game/switch/rain-world
684,Attack on Titan 2: Final Battle,/game/switch/attack-on-titan-2-final-battle
685,Aces of the Luftwaffe: Squadron,/game/switch/aces-of-the-luftwaffe-squadron
686,Xeodrifter,/game/switch/xeodrifter
687,Irony Curtain: From Matryoshka with Love,/game/switch/irony-curtain-from-matryoshka-with-love
688,Momodora: Reverie Under the Moonlight,/game/switch/momodora-reverie-under-the-moonlight
689,Earth Atlantis,/game/switch/earth-atlantis
690,Hyper Sentinel,/game/switch/hyper-sentinel
691,Never Stop Sneakin',/game/switch/never-stop-sneakin
692,Little Inferno,/game/switch/little-inferno
693,The Sexy Brutale,/game/switch/the-sexy-brutale
694,Bridge Constructor Portal,/game/switch/bridge-constructor-portal
695,Happy Birthdays,/game/switch/happy-birthdays
696,Swim Out,/game/switch/swim-out
697,Pool Panic,/game/switch/pool-panic
698,Phantom Doctrine,/game/switch/phantom-doctrine
699,Hunter's Legacy: Purrfect Edition,/game/switch/hunters-legacy-purrfect-edition
700,Exception,/game/switch/exception
701,Hexologic,/game/switch/hexologic
702,LEGO Jurassic World,/game/switch/lego-jurassic-world
703,Lichtspeer: Double Speer Edition,/game/switch/lichtspeer-double-speer-edition
704,Conga Master Party!,/game/switch/conga-master-party!
705,Dig Dog,/game/switch/dig-dog
706,Run the Fan,/game/switch/run-the-fan
707,Onimusha: Warlords,/game/switch/onimusha-warlords
708,Reverie: Sweet As Edition,/game/switch/reverie-sweet-as-edition
709,Mutant Year Zero: Road to Eden - Deluxe Edition,/game/switch/mutant-year-zero-road-to-eden---deluxe-edition
710,Thea: The Awakening,/game/switch/thea-the-awakening
711,Membrane,/game/switch/membrane
712,A Robot Named Fight!,/game/switch/a-robot-named-fight!
713,Everything,/game/switch/everything
714,Team Sonic Racing,/game/switch/team-sonic-racing
715,Robonauts,/game/switch/robonauts
716,Samurai Aces for Nintendo Switch,/game/switch/samurai-aces-for-nintendo-switch
717,FIFA 19,/game/switch/fifa-19
718,Dragon's Lair Trilogy,/game/switch/dragons-lair-trilogy
719,Dragon Quest III: The Seeds of Salvation,/game/switch/dragon-quest-iii-the-seeds-of-salvation
720,BUTCHER,/game/switch/butcher
721,BurgerTime Party!,/game/switch/burgertime-party!
722,AER: Memories of Old,/game/switch/aer-memories-of-old
723,Resident Evil 0,/game/switch/resident-evil-0
724,ACA NeoGeo: Shock Troopers,/game/switch/aca-neogeo-shock-troopers
725,Time Recoil,/game/switch/time-recoil
726,Redout,/game/switch/redout
727,Nelke &amp; the Legendary Alchemists: Ateliers of the New World,/game/switch/nelke-the-legendary-alchemists-ateliers-of-the-new-world
728,Hammerwatch,/game/switch/hammerwatch
729,My Hero One's Justice,/game/switch/my-hero-ones-justice
730,Stikbold! Dodgeball Adventure! Deluxe,/game/switch/stikbold!-dodgeball-adventure!-deluxe
731,Gunhouse,/game/switch/gunhouse
732,Candleman,/game/switch/candleman
733,God Wars The Complete Legend,/game/switch/god-wars-the-complete-legend
734,Naruto Shippuden: Ultimate Ninja Storm Trilogy,/game/switch/naruto-shippuden-ultimate-ninja-storm-trilogy
735,Holy Potatoes! A Weapon Shop?!,/game/switch/holy-potatoes!-a-weapon-shop!
736,Rival Megagun,/game/switch/rival-megagun
737,Agatha Knife,/game/switch/agatha-knife
738,Die for Valhalla!,/game/switch/die-for-valhalla!
739,The Fall,/game/switch/the-fall
740,Super Volley Blast,/game/switch/super-volley-blast
741,The Mooseman,/game/switch/the-mooseman
742,Joggernauts,/game/switch/joggernauts
743,The Walking Dead: The Telltale Series - The Final Season Episode 2: Suffer the Children,/game/switch/the-walking-dead-the-telltale-series---the-final-season-episode-2-suffer-the-children
744,Toast Time: Smash Up!,/game/switch/toast-time-smash-up!
745,Mana Spark,/game/switch/mana-spark
746,Skyhill,/game/switch/skyhill
747,Astro Bears,/game/switch/astro-bears
748,My Big Sister,/game/switch/my-big-sister
749,Akane,/game/switch/akane
750,StarBlox Inc.,/game/switch/starblox-inc
751,Saints Row: The Third - The Full Package,/game/switch/saints-row-the-third---the-full-package
752,Beat Cop,/game/switch/beat-cop
753,Sine Mora EX,/game/switch/sine-mora-ex
754,Romancing SaGa 2,/game/switch/romancing-saga-2
755,Shining Resonance Refrain,/game/switch/shining-resonance-refrain
756,INVERSUS Deluxe,/game/switch/inversus-deluxe
757,RICO,/game/switch/rico
758,Ambition of the Slimes,/game/switch/ambition-of-the-slimes
759,Nintendo Labo: Toycon 04 VR Kit,/game/switch/nintendo-labo-toycon-04-vr-kit
760,The Fall Part 2: Unbound,/game/switch/the-fall-part-2-unbound
761,Little Dragons Cafe,/game/switch/little-dragons-cafe
762,The Legend of Evil,/game/switch/the-legend-of-evil
763,Deadly Premonition Origins,/game/switch/deadly-premonition-origins
764,Super Dragon Ball Heroes: World Mission,/game/switch/super-dragon-ball-heroes-world-mission
765,Mages of Mystralia,/game/switch/mages-of-mystralia
766,Mercenary Kings: Reloaded Edition,/game/switch/mercenary-kings-reloaded-edition
767,Moon Hunters,/game/switch/moon-hunters
768,Omensight: Definitive Edition,/game/switch/omensight-definitive-edition
769,Cycle 28,/game/switch/cycle-28
770,Fate/Extella: The Umbral Star,/game/switch/fateextella-the-umbral-star
771,Nintendo Labo: Toycon 03 Vehicle Kit,/game/switch/nintendo-labo-toycon-03-vehicle-kit
772,Mario &amp; Sonic at the Olympic Games: Tokyo 2020,/game/switch/mario-sonic-at-the-olympic-games-tokyo-2020
773,De Mambo,/game/switch/de-mambo
774,Uno,/game/switch/uno
775,The Wardrobe,/game/switch/the-wardrobe
776,A Hole New World,/game/switch/a-hole-new-world
777,Necrosphere Deluxe,/game/switch/necrosphere-deluxe
778,Furwind,/game/switch/furwind
779,Resident Evil 6,/game/switch/resident-evil-6
780,Lost Sphear,/game/switch/lost-sphear
781,Disco Dodgeball Remix,/game/switch/disco-dodgeball-remix
782,Q.U.B.E. 2,/game/switch/qube-2
783,The Shapeshifting Detective,/game/switch/the-shapeshifting-detective
784,ChromaGun,/game/switch/chromagun
785,NBA 2K Playgrounds 2,/game/switch/nba-2k-playgrounds-2
786,Football Manager 2019 Touch,/game/switch/football-manager-2019-touch
787,The Church in the Darkness,/game/switch/the-church-in-the-darkness
788,Dragon Marked For Death,/game/switch/dragon-marked-for-death
789,Final Fantasy XV Pocket Edition HD,/game/switch/final-fantasy-xv-pocket-edition-hd
790,Phantom Breaker: Battle Grounds Overdrive,/game/switch/phantom-breaker-battle-grounds-overdrive
791,Manticore: Galaxy on Fire,/game/switch/manticore-galaxy-on-fire
792,Azure Reflections,/game/switch/azure-reflections
793,Daemon X Machina,/game/switch/daemon-x-machina
794,Mercenaries Saga Chronicles,/game/switch/mercenaries-saga-chronicles
795,Syberia 2,/game/switch/syberia-2
796,Table Top Racing: World Tour - Nitro Edition,/game/switch/table-top-racing-world-tour---nitro-edition
797,The Stillness of the Wind,/game/switch/the-stillness-of-the-wind
798,Call of Cthulhu: The Official Video Game,/game/switch/call-of-cthulhu-the-official-video-game
799,Automachef,/game/switch/automachef
800,Heroki,/game/switch/heroki
801,Vampyr,/game/switch/vampyr
802,Sword Art Online: Hollow Realization - Deluxe Edition,/game/switch/sword-art-online-hollow-realization---deluxe-edition
803,Of Mice and Sand: Revised,/game/switch/of-mice-and-sand-revised
804,Typoman: Revised,/game/switch/typoman-revised
805,Friday The 13th: The Game - Ultimate Slasher Switch Edition,/game/switch/friday-the-13th-the-game---ultimate-slasher-switch-edition
806,FIFA 18,/game/switch/fifa-18
807,One Piece: Unlimited World Red - Deluxe Edition,/game/switch/one-piece-unlimited-world-red---deluxe-edition
808,Black The Fall,/game/switch/black-the-fall
809,Her Majesty's SPIFFING,/game/switch/her-majestys-spiffing
810,Black Hole,/game/switch/black-hole
811,Gekido: Kintaro's Revenge,/game/switch/gekido-kintaros-revenge
812,Yesterday Origins,/game/switch/yesterday-origins
813,INK,/game/switch/ink
814,Bow to Blood: Last Captain Standing,/game/switch/bow-to-blood-last-captain-standing
815,The Jackbox Party Pack 6,/game/switch/the-jackbox-party-pack-6
816,ClusterPuck 99,/game/switch/clusterpuck-99
817,Nintendo Labo: Toycon 02 Robot Kit,/game/switch/nintendo-labo-toycon-02-robot-kit
818,Project Nimbus: Complete Edition,/game/switch/project-nimbus-complete-edition
819,Frederic: Resurrection of Music,/game/switch/frederic-resurrection-of-music
820,Rad,/game/switch/rad
821,Saturday Morning RPG,/game/switch/saturday-morning-rpg
822,Oninaki,/game/switch/oninaki
823,Super Beat Sports,/game/switch/super-beat-sports
824,Lapis x Labyrinth,/game/switch/lapis-x-labyrinth
825,Sparkle Unleashed,/game/switch/sparkle-unleashed
826,Azkend 2: The World Beneath,/game/switch/azkend-2-the-world-beneath
827,Earth Wars,/game/switch/earth-wars
828,Manual Samuel,/game/switch/manual-samuel
829,Shadowgate,/game/switch/shadowgate
830,Degrees of Separation,/game/switch/degrees-of-separation
831,JYDGE,/game/switch/jydge
832,The Escapists: Complete Edition,/game/switch/the-escapists-complete-edition
833,Minecraft: Story Mode - A Telltale Games Series - The Complete Adventure,/game/switch/minecraft-story-mode---a-telltale-games-series---the-complete-adventure
834,Atari Flashback Classics,/game/switch/atari-flashback-classics
835,The King's Bird,/game/switch/the-kings-bird
836,Tachyon Project,/game/switch/tachyon-project
837,The Men of Yoshiwara: Kikuya,/game/switch/the-men-of-yoshiwara-kikuya
838,Cities: Skylines - Nintendo Switch Edition,/game/switch/cities-skylines---nintendo-switch-edition
839,Word Search by POWGI,/game/switch/word-search-by-powgi
840,Nuclien,/game/switch/nuclien
841,Masquerada: Songs and Shadows,/game/switch/masquerada-songs-and-shadows
842,Golazo!,/game/switch/golazo!
843,Neon Chrome,/game/switch/neon-chrome
844,Double Cross,/game/switch/double-cross
845,The Longest Five Minutes,/game/switch/the-longest-five-minutes
846,Urban Trial Playground,/game/switch/urban-trial-playground
847,My Brother Rabbit,/game/switch/my-brother-rabbit
848,Felix the Reaper,/game/switch/felix-the-reaper
849,Sky Force Anniversary,/game/switch/sky-force-anniversary
850,Hive Jump,/game/switch/hive-jump
851,Jet Kave Adventure,/game/switch/jet-kave-adventure
852,Travis Strikes Again: No More Heroes,/game/switch/travis-strikes-again-no-more-heroes
853,Elli,/game/switch/elli
854,Rest in Pieces,/game/switch/rest-in-pieces
855,Picross S,/game/switch/picross-s
856,Infernium,/game/switch/infernium
857,Eternum Ex,/game/switch/eternum-ex
858,Sega Ages: Ichidant-R,/game/switch/sega-ages-ichidant-r
859,LEGRAND LEGACY: Tale of the Fatebounds,/game/switch/legrand-legacy-tale-of-the-fatebounds
860,Shape of the World,/game/switch/shape-of-the-world
861,Giga Wrecker Alt.,/game/switch/giga-wrecker-alt
862,Crossing Souls,/game/switch/crossing-souls
863,Save me Mr Tako: Tasukete Tako-San,/game/switch/save-me-mr-tako-tasukete-tako-san
864,King Oddball,/game/switch/king-oddball
865,Spellspire,/game/switch/spellspire
866,Yuso,/game/switch/yuso
867,Windscape,/game/switch/windscape
868,Override: Mech City Brawl,/game/switch/override-mech-city-brawl
869,Nine Parchments,/game/switch/nine-parchments
870,Oceanhorn: Monster of Uncharted Seas,/game/switch/oceanhorn-monster-of-uncharted-seas
871,NORTH,/game/switch/north
872,Fitness Boxing,/game/switch/fitness-boxing
873,Toki,/game/switch/toki
874,Clue: The Classic Mystery Game,/game/switch/clue-the-classic-mystery-game
875,Type:Rider,/game/switch/typerider
876,Golem Gates,/game/switch/golem-gates
877,Ultra Street Fighter II: The Final Challengers,/game/switch/ultra-street-fighter-ii-the-final-challengers
878,Qbics Paint,/game/switch/qbics-paint
879,Infinite Minigolf,/game/switch/infinite-minigolf
880,Gunbarich,/game/switch/gunbarich
881,Sausage Sports Club,/game/switch/sausage-sports-club
882,VSR: Void Space Racing,/game/switch/vsr-void-space-racing
883,Red's Kingdom,/game/switch/reds-kingdom
884,Chiki-Chiki Boxy Racers,/game/switch/chiki-chiki-boxy-racers
885,Monster Energy Supercross:  The Official Videogame 2,/game/switch/monster-energy-supercross-the-official-videogame-2
886,Shadow Blade: Reload,/game/switch/shadow-blade-reload
887,Super Blood Hockey,/game/switch/super-blood-hockey
888,Galaxy Champions TV,/game/switch/galaxy-champions-tv
889,Tennis in the Face,/game/switch/tennis-in-the-face
890,Aperion Cyberstorm,/game/switch/aperion-cyberstorm
891,DreamWorks Dragons Dawn of New Riders,/game/switch/dreamworks-dragons-dawn-of-new-riders
892,Fallen Legion: Rise to Glory,/game/switch/fallen-legion-rise-to-glory
893,Fairy Fencer F: Advent Dark Force,/game/switch/fairy-fencer-f-advent-dark-force
894,Code of Princess EX,/game/switch/code-of-princess-ex
895,Mutant Football League: Dynasty Edition,/game/switch/mutant-football-league-dynasty-edition
896,Tiny Metal,/game/switch/tiny-metal
897,Mr. Shifty,/game/switch/mr-shifty
898,The LEGO NINJAGO Movie Video Game,/game/switch/the-lego-ninjago-movie-video-game
899,The Adventures of Elena Temple,/game/switch/the-adventures-of-elena-temple
900,This is the Police,/game/switch/this-is-the-police
901,Nights of Azure 2: Bride of the New Moon,/game/switch/nights-of-azure-2-bride-of-the-new-moon
902,FOX n FORESTS,/game/switch/fox-n-forests
903,Star Wars Jedi Knight II: Jedi Outcast,/game/switch/star-wars-jedi-knight-ii-jedi-outcast
904,LEGO The Incredibles,/game/switch/lego-the-incredibles
905,88 Heroes: 98 Heroes Edition,/game/switch/88-heroes-98-heroes-edition
906,Vostok Inc.,/game/switch/vostok-inc
907,Wolfenstein: Youngblood,/game/switch/wolfenstein-youngblood
908,Spelunker Party!,/game/switch/spelunker-party!
909,Octodad: Dadliest Catch,/game/switch/octodad-dadliest-catch
910,Unepic,/game/switch/unepic
911,The VideoKid,/game/switch/the-videokid
912,Nefarious,/game/switch/nefarious
913,Oh My Godheads: Party Edition,/game/switch/oh-my-godheads-party-edition
914,Graveyard Keeper,/game/switch/graveyard-keeper
915,A Duel Hand Disaster: Trackher,/game/switch/a-duel-hand-disaster-trackher
916,Omega Labyrinth Life,/game/switch/omega-labyrinth-life
917,Kine,/game/switch/kine
918,Kill la Kill: IF,/game/switch/kill-la-kill-if
919,Titan Quest,/game/switch/titan-quest
920,Battle Princess Madelyn,/game/switch/battle-princess-madelyn
921,Poi: Explorer Edition,/game/switch/poi-explorer-edition
922,Disney Tsum Tsum Festival,/game/switch/disney-tsum-tsum-festival
923,Morphite,/game/switch/morphite
924,Human: Fall Flat,/game/switch/human-fall-flat
925,Bubble Bobble 4 Friends,/game/switch/bubble-bobble-4-friends
926,Neverout,/game/switch/neverout
927,Gear.Club Unlimited,/game/switch/gearclub-unlimited
928,Refunct,/game/switch/refunct
929,Vesta,/game/switch/vesta
930,Pokemon Quest,/game/switch/pokemon-quest
931,League of Evil,/game/switch/league-of-evil
932,Puzzle Adventure Blockle,/game/switch/puzzle-adventure-blockle
933,Puzzle Puppers,/game/switch/puzzle-puppers
934,Touhou Genso Wanderer Reloaded,/game/switch/touhou-genso-wanderer-reloaded
935,Oniken: Unstoppable Edition,/game/switch/oniken-unstoppable-edition
936,Another Lost Phone: Laura's Story,/game/switch/another-lost-phone-lauras-story
937,Ultrawings,/game/switch/ultrawings
938,Little Town Hero,/game/switch/little-town-hero
939,One More Dungeon,/game/switch/one-more-dungeon
940,Dustoff Heli Rescue 2,/game/switch/dustoff-heli-rescue-2
941,Mugsters,/game/switch/mugsters
942,Unexplored: Unlocked Edition,/game/switch/unexplored-unlocked-edition
943,Super Treasure Arena,/game/switch/super-treasure-arena
944,Deponia,/game/switch/deponia
945,Almost There: The Platformer,/game/switch/almost-there-the-platformer
946,Wonder Boy Returns Remix,/game/switch/wonder-boy-returns-remix
947,Damsel,/game/switch/damsel
948,Koral,/game/switch/koral
949,Trine 3: The Artifacts of Power,/game/switch/trine-3-the-artifacts-of-power
950,Townsmen,/game/switch/townsmen
951,RiME,/game/switch/rime
952,I Am The Hero,/game/switch/i-am-the-hero
953,YIIK: A Postmodern RPG,/game/switch/yiik-a-postmodern-rpg
954,Sleep Tight,/game/switch/sleep-tight
955,"I, Zombie",/game/switch/i-zombie
956,Snooker 19,/game/switch/snooker-19
957,InnerSpace,/game/switch/innerspace
958,The World Next Door,/game/switch/the-world-next-door
959,Penny-Punching Princess,/game/switch/penny-punching-princess
960,Slam Land,/game/switch/slam-land
961,All-Star Fruit Racing,/game/switch/all-star-fruit-racing
962,NBA Playgrounds,/game/switch/nba-playgrounds
963,Bendy and the Ink Machine,/game/switch/bendy-and-the-ink-machine
964,Lost in Harmony,/game/switch/lost-in-harmony
965,State of Mind,/game/switch/state-of-mind
966,BAFL: Brakes Are For Losers,/game/switch/bafl-brakes-are-for-losers
967,The Lost Child,/game/switch/the-lost-child
968,The Way Remastered,/game/switch/the-way-remastered
969,Samurai Defender: Ninja Warfare,/game/switch/samurai-defender-ninja-warfare
970,STAY,/game/switch/stay
971,Megaton Rainfall,/game/switch/megaton-rainfall
972,The Swindle,/game/switch/the-swindle
973,Kona,/game/switch/kona
974,Garage,/game/switch/garage
975,Sword Art Online: Fatal Bullet - Complete Edition,/game/switch/sword-art-online-fatal-bullet---complete-edition
976,The Low Road,/game/switch/the-low-road
977,Carcassonne,/game/switch/carcassonne
978,Surgeon Simulator CPR,/game/switch/surgeon-simulator-cpr
979,Mercenaries Wings: The False Phoenix,/game/switch/mercenaries-wings-the-false-phoenix
980,Etherborn,/game/switch/etherborn
981,Super Monkey Ball: Banana Blitz HD,/game/switch/super-monkey-ball-banana-blitz-hd
982,The Last Remnant Remastered,/game/switch/the-last-remnant-remastered
983,Super Bomberman R,/game/switch/super-bomberman-r
984,Sniper Elite V2 Remastered,/game/switch/sniper-elite-v2-remastered
985,Levels+ : Addictive Puzzle Game,/game/switch/levels+-addictive-puzzle-game
986,The Coma: Recut,/game/switch/the-coma-recut
987,SpellKeeper,/game/switch/spellkeeper
988,Atelier Lydie &amp; Suelle: The Alchemists and the Mysterious Paintings,/game/switch/atelier-lydie-suelle-the-alchemists-and-the-mysterious-paintings
989,American Fugitive,/game/switch/american-fugitive
990,Gal*Gun 2,/game/switch/galgun-2
991,Senran Kagura: Peach Ball,/game/switch/senran-kagura-peach-ball
992,Perception,/game/switch/perception
993,Tallowmere,/game/switch/tallowmere
994,SubaraCity,/game/switch/subaracity
995,A Gummy's Life,/game/switch/a-gummys-life
996,Kotodama: The 7 Mysteries of Fujisawa,/game/switch/kotodama-the-7-mysteries-of-fujisawa
997,MotoGP 19,/game/switch/motogp-19
998,Go Vacation,/game/switch/go-vacation
999,Trailblazers,/game/switch/trailblazers
1000,Rad Rodgers: Radical Edition,/game/switch/rad-rodgers-radical-edition
1001,Punch Club,/game/switch/punch-club
1002,Galak-Z: Variant S,/game/switch/galak-z-variant-s
1003,Harvest Moon: Light of Hope,/game/switch/harvest-moon-light-of-hope
1004,Super Neptunia RPG,/game/switch/super-neptunia-rpg
1005,TurtlePop: Journey to Freedom,/game/switch/turtlepop-journey-to-freedom
1006,Red Game Without A Great Name,/game/switch/red-game-without-a-great-name
1007,Moero Chronicle Hyper,/game/switch/moero-chronicle-hyper
1008,METAGAL,/game/switch/metagal
1009,MISTOVER,/game/switch/mistover
1010,Raging Justice,/game/switch/raging-justice
1011,Haunted Dungeons: Hyakki Castle,/game/switch/haunted-dungeons-hyakki-castle
1012,The friends of Ringo Ishikawa,/game/switch/the-friends-of-ringo-ishikawa
1013,Dragon Quest,/game/switch/dragon-quest
1014,Sphinx and the Cursed Mummy,/game/switch/sphinx-and-the-cursed-mummy
1015,Xenoraid,/game/switch/xenoraid
1016,Gal Metal,/game/switch/gal-metal
1017,Baobabs Mausoleum - Ep. 1: Ovnifagos Don't Eat Flamingos,/game/switch/baobabs-mausoleum---ep-1-ovnifagos-dont-eat-flamingos
1018,Sling Ming,/game/switch/sling-ming
1019,Fallout Shelter,/game/switch/fallout-shelter
1020,Fin and the Ancient Mystery,/game/switch/fin-and-the-ancient-mystery
1021,Dead by Daylight,/game/switch/dead-by-daylight
1022,The Sinking City,/game/switch/the-sinking-city
1023,Sheltered,/game/switch/sheltered
1024,Ninja Shodown,/game/switch/ninja-shodown
1025,Detective Gallo,/game/switch/detective-gallo
1026,Phantom Trigger,/game/switch/phantom-trigger
1027,Asphalt 9: Legends,/game/switch/asphalt-9-legends
1028,Crimsonland,/game/switch/crimsonland
1029,Nightmare Boy,/game/switch/nightmare-boy
1030,One Strike,/game/switch/one-strike
1031,Braveland Trilogy,/game/switch/braveland-trilogy
1032,Truberbrook,/game/switch/truberbrook
1033,Ultra Hyperball,/game/switch/ultra-hyperball
1034,Asterix &amp; Obelix XXL 2,/game/switch/asterix-obelix-xxl-2
1035,RemiLore: Lost Girl in the Lands of Lore,/game/switch/remilore-lost-girl-in-the-lands-of-lore
1036,Catan,/game/switch/catan
1037,BRAWL,/game/switch/brawl
1038,Super Cane Magic ZERO,/game/switch/super-cane-magic-zero
1039,Binaries,/game/switch/binaries
1040,Beach Buggy Racing,/game/switch/beach-buggy-racing
1041,The Caligula Effect: Overdose,/game/switch/the-caligula-effect-overdose
1042,Dragon Quest II: Luminaries of the Legendary Line,/game/switch/dragon-quest-ii-luminaries-of-the-legendary-line
1043,The Bunker,/game/switch/the-bunker
1044,Tanzia,/game/switch/tanzia
1045,Payday 2,/game/switch/payday-2
1046,SNK Heroines: Tag Team Frenzy,/game/switch/snk-heroines-tag-team-frenzy
1047,Rogue Trooper Redux,/game/switch/rogue-trooper-redux
1048,Shelter Generations,/game/switch/shelter-generations
1049,Nihilumbra,/game/switch/nihilumbra
1050,Invisiballs,/game/switch/invisiballs
1051,Shio,/game/switch/shio
1052,Demetrios - The BIG Cynical Adventure,/game/switch/demetrios---the-big-cynical-adventure
1053,Homo Machina,/game/switch/homo-machina
1054,TerraTech,/game/switch/terratech
1055,Battle Worlds: Kronos,/game/switch/battle-worlds-kronos
1056,I and Me,/game/switch/i-and-me
1057,Arcade Classics Anniversary Collection,/game/switch/arcade-classics-anniversary-collection
1058,Brawlout,/game/switch/brawlout
1059,Mega Man X Legacy Collection 2,/game/switch/mega-man-x-legacy-collection-2
1060,Warriors Orochi 4,/game/switch/warriors-orochi-4
1061,Assassin's Creed III Remastered,/game/switch/assassins-creed-iii-remastered
1062,Achtung! Cthulhu Tactics,/game/switch/achtung!-cthulhu-tactics
1063,Power Rangers: Battle for the Grid,/game/switch/power-rangers-battle-for-the-grid
1064,Zombie Driver: Immortal Edition,/game/switch/zombie-driver-immortal-edition
1065,Warlocks 2: God Slayers,/game/switch/warlocks-2-god-slayers
1066,Claybook,/game/switch/claybook
1067,A Knight's Quest,/game/switch/a-knights-quest
1068,LEGO Worlds,/game/switch/lego-worlds
1069,GRIP: Combat Racing,/game/switch/grip-combat-racing
1070,Astro Duel Deluxe,/game/switch/astro-duel-deluxe
1071,Devious Dungeon,/game/switch/devious-dungeon
1072,Vambrace: Cold Soul,/game/switch/vambrace-cold-soul
1073,Hungry Baby: Party Treats,/game/switch/hungry-baby-party-treats
1074,Our World Is Ended.,/game/switch/our-world-is-ended
1075,Stranded Sails: Explorers of the Cursed Islands,/game/switch/stranded-sails-explorers-of-the-cursed-islands
1076,Three Fourths Home: Extended Edition,/game/switch/three-fourths-home-extended-edition
1077,12 is Better Than 6,/game/switch/12-is-better-than-6
1078,MotoGP 18,/game/switch/motogp-18
1079,Cars 3: Driven to Win,/game/switch/cars-3-driven-to-win
1080,Swap This!,/game/switch/swap-this!
1081,Aqua Moto Racing Utopia,/game/switch/aqua-moto-racing-utopia
1082,ACA NeoGeo: World Heroes Perfect,/game/switch/aca-neogeo-world-heroes-perfect
1083,Polygod,/game/switch/polygod
1084,The Inner World,/game/switch/the-inner-world
1085,ATOMINE,/game/switch/atomine
1086,Damascus Gear: Operation Tokyo,/game/switch/damascus-gear-operation-tokyo
1087,Soccer Slammers,/game/switch/soccer-slammers
1088,Beholder: Complete Edition,/game/switch/beholder-complete-edition
1089,The Long Journey Home,/game/switch/the-long-journey-home
1090,Venture Kid,/game/switch/venture-kid
1091,Coffee Crisis,/game/switch/coffee-crisis
1092,1-2-Switch,/game/switch/1-2-switch
1093,This is the Police 2,/game/switch/this-is-the-police-2
1094,The Long Reach,/game/switch/the-long-reach
1095,SINNER: Sacrifice for Redemption,/game/switch/sinner-sacrifice-for-redemption
1096,SkyScrappers,/game/switch/skyscrappers
1097,Viviette,/game/switch/viviette
1098,New Star Manager,/game/switch/new-star-manager
1099,Turok 2: Seeds of Evil Remaster,/game/switch/turok-2-seeds-of-evil-remaster
1100,The Princess Guide,/game/switch/the-princess-guide
1101,Sonic Forces,/game/switch/sonic-forces
1102,RXN: Raijin,/game/switch/rxn-raijin
1103,Hiragana Pixel Party,/game/switch/hiragana-pixel-party
1104,Gear.Club Unlimited 2,/game/switch/gearclub-unlimited-2
1105,Astro Bears Party,/game/switch/astro-bears-party
1106,Iro Hero,/game/switch/iro-hero
1107,Sports Party,/game/switch/sports-party
1108,Super Destronaut DX,/game/switch/super-destronaut-dx
1109,Destiny Connect: Tick-Tock Travelers,/game/switch/destiny-connect-tick-tock-travelers
1110,Pumped BMX Pro,/game/switch/pumped-bmx-pro
1111,Warplanes: WW2 Dogfight,/game/switch/warplanes-ww2-dogfight
1112,Mable &amp; The Wood,/game/switch/mable-the-wood
1113,Plantera Deluxe,/game/switch/plantera-deluxe
1114,TorqueL: Physics Modified Edition,/game/switch/torquel-physics-modified-edition
1115,Wanderjahr TryAgainOrWalkAway,/game/switch/wanderjahr-tryagainorwalkaway
1116,Solar Flux,/game/switch/solar-flux
1117,The LEGO Movie 2 Videogame,/game/switch/the-lego-movie-2-videogame
1118,Valthirian Arc: Hero School Story,/game/switch/valthirian-arc-hero-school-story
1119,RollerCoaster Tycoon Adventures,/game/switch/rollercoaster-tycoon-adventures
1120,Othello,/game/switch/othello
1121,Solo: Islands of the Heart,/game/switch/solo-islands-of-the-heart
1122,Hotel Transylvania 3: Monsters Overboard,/game/switch/hotel-transylvania-3-monsters-overboard
1123,Coffin Dodgers,/game/switch/coffin-dodgers
1124,Bit Dungeon+,/game/switch/bit-dungeon+
1125,Suicide Guy,/game/switch/suicide-guy
1126,Shadow Fight 2,/game/switch/shadow-fight-2
1127,Bird Game +,/game/switch/bird-game-+
1128,Slender: The Arrival,/game/switch/slender-the-arrival
1129,Bitlogic - A Cyberpunk Arcade Adventure,/game/switch/bitlogic---a-cyberpunk-arcade-adventure
1130,The Mystery of Woolley Mountain,/game/switch/the-mystery-of-woolley-mountain
1131,Feather,/game/switch/feather
1132,Jumping Joe &amp; Friends,/game/switch/jumping-joe-friends
1133,FullBlast,/game/switch/fullblast
1134,Hamsterdam,/game/switch/hamsterdam
1135,Super Toy Cars,/game/switch/super-toy-cars
1136,Neonwall,/game/switch/neonwall
1137,Radiation Island,/game/switch/radiation-island
1138,Yodanji,/game/switch/yodanji
1139,Close to the Sun,/game/switch/close-to-the-sun
1140,Devil May Cry 2,/game/switch/devil-may-cry-2
1141,Legend of Kay Anniversary,/game/switch/legend-of-kay-anniversary
1142,Cast of the Seven Godsends,/game/switch/cast-of-the-seven-godsends
1143,Whipseey and the Lost Atlas,/game/switch/whipseey-and-the-lost-atlas
1144,Doughlings: Invasion,/game/switch/doughlings-invasion
1145,Shephy,/game/switch/shephy
1146,Legendary Eleven,/game/switch/legendary-eleven
1147,The Padre,/game/switch/the-padre
1148,Lifeless Planet: Premiere Edition,/game/switch/lifeless-planet-premiere-edition
1149,Exorder,/game/switch/exorder
1150,Dark Witch Music Episode: Rudymical,/game/switch/dark-witch-music-episode-rudymical
1151,Castle of Heart,/game/switch/castle-of-heart
1152,Little Friends: Dogs &amp; Cats,/game/switch/little-friends-dogs-cats
1153,Flip Wars,/game/switch/flip-wars
1154,WorldNeverland: Elnea Kingdom,/game/switch/worldneverland-elnea-kingdom
1155,ROCKETSROCKETSROCKETS,/game/switch/rocketsrocketsrockets
1156,Monopoly for Nintendo Switch,/game/switch/monopoly-for-nintendo-switch
1157,Has-Been Heroes,/game/switch/has-been-heroes
1158,Guilt Battle Arena,/game/switch/guilt-battle-arena
1159,Hover,/game/switch/hover
1160,Revenant Saga,/game/switch/revenant-saga
1161,Youtubers Life: OMG Edition,/game/switch/youtubers-life-omg-edition
1162,Pilot Sports,/game/switch/pilot-sports
1163,Corpse Party: Blood Drive,/game/switch/corpse-party-blood-drive
1164,Stranger Things 3: The Game,/game/switch/stranger-things-3-the-game
1165,Unbox: Newbie's Adventure,/game/switch/unbox-newbies-adventure
1166,Claws of Furry,/game/switch/claws-of-furry
1167,Riot: Civil Unrest,/game/switch/riot-civil-unrest
1168,Remothered: Tormented Fathers,/game/switch/remothered-tormented-fathers
1169,Caveman Warriors,/game/switch/caveman-warriors
1170,Snow Moto Racing Freedom,/game/switch/snow-moto-racing-freedom
1171,Sigi: A Fart for Melusina,/game/switch/sigi-a-fart-for-melusina
1172,New Frontier Days: Founding Pioneers,/game/switch/new-frontier-days-founding-pioneers
1173,Oh...Sir! The Insult Simulator,/game/switch/ohsir!-the-insult-simulator
1174,Timberman VS,/game/switch/timberman-vs
1175,R.B.I. Baseball 18,/game/switch/rbi-baseball-18
1176,ACORN Tactics,/game/switch/acorn-tactics
1177,Rise &amp; Shine,/game/switch/rise-shine
1178,Clock Simulator,/game/switch/clock-simulator
1179,Super Ping Pong Trick Shot,/game/switch/super-ping-pong-trick-shot
1180,V-Rally 4,/game/switch/v-rally-4
1181,Forever Forest,/game/switch/forever-forest
1182,R.B.I. Baseball 19,/game/switch/rbi-baseball-19
1183,Baseball Riot,/game/switch/baseball-riot
1184,Leisure Suit Larry: Wet Dreams Don't Dry,/game/switch/leisure-suit-larry-wet-dreams-dont-dry
1185,Tiny Troopers: Joint Ops XL,/game/switch/tiny-troopers-joint-ops-xl
1186,Modern Combat: Blackout,/game/switch/modern-combat-blackout
1187,Squareboy vs. Bullies: Arena Edition,/game/switch/squareboy-vs-bullies-arena-edition
1188,Milanoir,/game/switch/milanoir
1189,The Forbidden Arts,/game/switch/the-forbidden-arts
1190,Adventure Time: Pirates of the Enchiridion,/game/switch/adventure-time-pirates-of-the-enchiridion
1191,Midnight Deluxe,/game/switch/midnight-deluxe
1192,Thief of Thieves: Season One,/game/switch/thief-of-thieves-season-one
1193,Shaq Fu: A Legend Reborn,/game/switch/shaq-fu-a-legend-reborn
1194,Metropolis: Lux Obscura,/game/switch/metropolis-lux-obscura
1195,Carnival Games for Nintendo Switch,/game/switch/carnival-games-for-nintendo-switch
1196,Ice Age: Scrat's Nutty Adventure,/game/switch/ice-age-scrats-nutty-adventure
1197,Morphies Law,/game/switch/morphies-law
1198,Boost Beast,/game/switch/boost-beast
1199,Tied Together,/game/switch/tied-together
1200,Panty Party,/game/switch/panty-party
1201,Fear Effect Sedna,/game/switch/fear-effect-sedna
1202,Yet Another Zombie Defense HD,/game/switch/yet-another-zombie-defense-hd
1203,Selma and the Wisp,/game/switch/selma-and-the-wisp
1204,Legend of the Skyfish,/game/switch/legend-of-the-skyfish
1205,Slain: Back from Hell,/game/switch/slain-back-from-hell
1206,Desert Child,/game/switch/desert-child
1207,Scribblenauts Showdown,/game/switch/scribblenauts-showdown
1208,Party Planet,/game/switch/party-planet
1209,Paper Wars: Cannon Fodder Devastated,/game/switch/paper-wars-cannon-fodder-devastated
1210,InkSplosion,/game/switch/inksplosion
1211,Storm Boy,/game/switch/storm-boy
1212,Soulblight,/game/switch/soulblight
1213,Mad Carnage,/game/switch/mad-carnage
1214,Warparty,/game/switch/warparty
1215,Violett,/game/switch/violett
1216,Dream Alone,/game/switch/dream-alone
1217,Nippon Marathon,/game/switch/nippon-marathon
1218,Fimbul,/game/switch/fimbul
1219,Animated Jigsaws: Beautiful Japanese Scenery,/game/switch/animated-jigsaws-beautiful-japanese-scenery
1220,AeternoBlade II,/game/switch/aeternoblade-ii
1221,Vaccine,/game/switch/vaccine
1222,FIFA 20: Legacy Edition,/game/switch/fifa-20-legacy-edition
1223,The Bradwell Conspiracy,/game/switch/the-bradwell-conspiracy
1224,Mecho Tales,/game/switch/mecho-tales
1225,Dying: Reborn,/game/switch/dying-reborn
1226,Let's Go Nuts!,/game/switch/lets-go-nuts!
1227,Oh...Sir! The Hollywood Roast,/game/switch/ohsir!-the-hollywood-roast
1228,Wheels of Aurelia,/game/switch/wheels-of-aurelia
1229,Car Mechanic Simulator,/game/switch/car-mechanic-simulator
1230,Ben 10,/game/switch/ben-10
1231,Assault Gunners HD Edition,/game/switch/assault-gunners-hd-edition
1232,Nickelodeon Kart Racers,/game/switch/nickelodeon-kart-racers
1233,Moonfall Ultimate,/game/switch/moonfall-ultimate
1234,Contra: Rogue Corps,/game/switch/contra-rogue-corps
1235,Don't Knock Twice,/game/switch/dont-knock-twice
1236,Senran Kagura Reflexions,/game/switch/senran-kagura-reflexions
1237,Hello Neighbor,/game/switch/hello-neighbor
1238,The Deer God,/game/switch/the-deer-god
1239,Blades of Time,/game/switch/blades-of-time
1240,R.B.I. Baseball 17,/game/switch/rbi-baseball-17
1241,Touhou Kobuto V: Burst Battle,/game/switch/touhou-kobuto-v-burst-battle
1242,PixARK,/game/switch/pixark
1243,Mainlining,/game/switch/mainlining
1244,36 Fragments of Midnight,/game/switch/36-fragments-of-midnight
1245,Back in 1995,/game/switch/back-in-1995
1246,Fight of Gods,/game/switch/fight-of-gods
1247,Monster Jam: Crush It!,/game/switch/monster-jam-crush-it!
1248,Hollow,/game/switch/hollow
1249,WWE 2K18,/game/switch/wwe-2k18
1250,Fantasy Hero: Unsigned Legacy,/game/switch/fantasy-hero-unsigned-legacy
1251,Poisoft Thud Card,/game/switch/poisoft-thud-card
1252,Superola and the Lost Burgers,/game/switch/superola-and-the-lost-burgers
1253,ARK: Survival Evolved,/game/switch/ark-survival-evolved
1254,Woodle Tree Adventures Deluxe,/game/switch/woodle-tree-adventures-deluxe
1255,Tennis,/game/switch/tennis
1256,Awkward,/game/switch/awkward
1257,Vroom in the Night Sky,/game/switch/vroom-in-the-night-sky
